corpusid,age_18_20,age_21_23,age_24_26,age_27_29,age_30_32,age_33_35,age_36_38,age_39_41,age_42_44,<20_weeks,20_33_weeks,>33_weeks,<119_SBP,120_129_SBP,130_139_SBP,140_160_SBP,>161_SBP,<85_DBP,86_90_DBP,91_105_DBP,>106_DBP,maternal_clinical_diagnosis__stdcat,drug_1,route_1,dose_1,drug_2,route_2,dose_2,drug_1__stdcat,drug_2__stdcat,winner_1__stdcat,winner_2__stdcat,statistical_significance_vs_control,is_combination,maternal_clinical_diagnosis__stdcat__Severe Preeclampsia/Eclampsia,maternal_clinical_diagnosis__stdcat__Non-severe Preeclampsia,maternal_clinical_diagnosis__stdcat__Severe Gestational Hypertension,maternal_clinical_diagnosis__stdcat__Non-severe Gestational Hypertension,maternal_clinical_diagnosis__stdcat__Antenatal/Peripartum Hypertension,maternal_clinical_diagnosis__stdcat__Chronic Hypertension,maternal_clinical_diagnosis__stdcat__Normotensive,maternal_clinical_diagnosis__stdcat__not_specified,drug_1__stdcat__Labetalol,drug_1__stdcat__Nifedipine,drug_1__stdcat__Methyldopa,drug_1__stdcat__Hydralazine,drug_1__stdcat__Betablockers,drug_1__stdcat__Magnesium sulfate,drug_1__stdcat__Vasodilators,drug_1__stdcat__Other/Adjunct,drug_1__stdcat__Not specified,route_1__stdcat__IV,route_1__stdcat__Oral,route_1__stdcat__IV+Oral,route_1__stdcat__Other,route_1__stdcat__Not specified,drug_2__stdcat__Labetalol,drug_2__stdcat__Nifedipine,drug_2__stdcat__Methyldopa,drug_2__stdcat__Hydralazine,drug_2__stdcat__Betablockers,drug_2__stdcat__Magnesium sulfate,drug_2__stdcat__Vasodilators,drug_2__stdcat__Other/Adjunct,drug_2__stdcat__Not specified,route_2__stdcat__IV,route_2__stdcat__Oral,route_2__stdcat__IV+Oral,route_2__stdcat__Other,route_2__stdcat__Not specified,maternal_outcome_name_1,maternal_outcome_type_1,maternal_outcome_value_1,maternal_outcome_p_value_1,maternal_outcome_name_2,maternal_outcome_type_2,maternal_outcome_value_2,maternal_outcome_p_value_2,fetal_outcome_name_1,fetal_outcome_type_1,fetal_outcome_value_1,fetal_outcome_p_value_1,fetal_outcome_name_2,fetal_outcome_type_2,fetal_outcome_value_2,fetal_outcome_p_value_2,anomaly_outcome_name_1,anomaly_outcome_type_1,anomaly_outcome_value_1,anomaly_outcome_p_value_1,anomaly_outcome_name_2,anomaly_outcome_type_2,anomaly_outcome_value_2,anomaly_outcome_p_value_2,anomaly_outcome_name_3,anomaly_outcome_type_3,anomaly_outcome_value_3,anomaly_outcome_p_value_3,anomaly_outcome_name_4,anomaly_outcome_type_4,anomaly_outcome_value_4,anomaly_outcome_p_value_4,anomaly_outcome_name_5,anomaly_outcome_type_5,anomaly_outcome_value_5,anomaly_outcome_p_value_5
SAMPLE_EVID_001,0,0,1,0,0,0,0,0,0,0,0,1,0,0,0,0,1,0,0,0,1,Severe Preeclampsia/Eclampsia,labetalol,IV,200 mg,,,,Labetalol,Not specified,Labetalol,Not specified,Yes,0,1,0,0,0,0,0,0,0,1,0,0,0,0,0,0,0,0,1,0,0,0,0,0,0,0,0,0,0,0,0,1,0,0,0,0,1,hypotension,safety,Observed adverse event,p=0.03,,,,,preterm birth,risk,Higher event rate,p=0.02,,,,,headache,adverse,Reported adverse event,p=0.04,,,,,asthma,profile,Present in subgroup,p=0.01,,,,,,,,
SAMPLE_EVID_002,0,0,0,1,0,0,0,0,0,0,1,0,0,0,0,1,0,0,0,1,0,Non-severe Preeclampsia,nifedipine,Oral,30 mg,,,,Nifedipine,Not specified,Nifedipine,Not specified,Yes,0,0,1,0,0,0,0,0,0,0,1,0,0,0,0,0,0,0,0,1,0,0,0,0,0,0,0,0,0,0,0,1,0,0,0,0,1,,,,,,,,,,,,,,,,,,,,,,,,,,,,,,,,,,,,
SAMPLE_EVID_003,0,0,0,0,1,0,0,0,0,0,1,0,0,0,0,0,1,0,0,0,1,Severe Gestational Hypertension,methyldopa,Oral,30 mg,,,,Methyldopa,Not specified,Methyldopa,Not specified,Yes,0,0,0,1,0,0,0,0,0,0,0,1,0,0,0,0,0,0,0,1,0,0,0,0,0,0,0,0,0,0,0,1,0,0,0,0,1,,,,,,,,,,,,,,,,,,,,,,,,,,,,,,,,,,,,
SAMPLE_EVID_004,0,0,0,0,0,1,0,0,0,0,0,1,0,0,0,1,0,0,0,1,0,Non-severe Gestational Hypertension,hydralazine,Oral,30 mg,,,,Hydralazine,Not specified,Hydralazine,Not specified,Yes,0,0,0,0,1,0,0,0,0,0,0,0,1,0,0,0,0,0,0,1,0,0,0,0,0,0,0,0,0,0,0,1,0,0,0,0,1,hypotension,safety,Observed adverse event,p=0.03,,,,,,,,,,,,,,,,,,,,,,,,,,,,,,,,
SAMPLE_EVID_005,0,0,0,0,0,0,1,0,0,0,1,0,0,0,0,1,0,0,0,1,0,Antenatal/Peripartum Hypertension,labetalol,Oral,200 mg,nifedipine,Oral,30 mg,Labetalol,Nifedipine,Labetalol,Nifedipine,Yes,1,0,0,0,0,1,0,0,0,1,0,0,0,0,0,0,0,0,0,1,0,0,0,0,1,0,0,0,0,0,0,0,0,1,0,0,0,,,,,,,,,preterm birth,risk,Higher event rate,p=0.02,,,,,,,,,,,,,,,,,,,,,,,,
SAMPLE_EVID_006,0,0,1,0,0,0,0,0,0,0,1,0,0,0,0,1,0,0,0,1,0,Chronic Hypertension,nifedipine,IV,30 mg,,,,Nifedipine,Not specified,Nifedipine,Not specified,Yes,0,0,0,0,0,0,1,0,0,0,1,0,0,0,0,0,0,0,1,0,0,0,0,0,0,0,0,0,0,0,0,1,0,0,0,0,1,,,,,,,,,,,,,,,,,headache,adverse,Reported adverse event,p=0.04,,,,,,,,,,,,,,,,
SAMPLE_EVID_007,0,0,0,1,0,0,0,0,0,0,0,1,0,0,0,0,1,0,0,0,1,Severe Preeclampsia/Eclampsia,methyldopa,Oral,30 mg,,,,Methyldopa,Not specified,Methyldopa,Not specified,Yes,0,1,0,0,0,0,0,0,0,0,0,1,0,0,0,0,0,0,0,1,0,0,0,0,0,0,0,0,0,0,0,1,0,0,0,0,1,hypotension,safety,Observed adverse event,p=0.03,,,,,,,,,,,,,,,,,,,,,asthma,profile,Present in subgroup,p=0.01,,,,,,,,
SAMPLE_EVID_008,0,0,0,0,1,0,0,0,0,0,1,0,0,0,0,1,0,0,0,1,0,Non-severe Preeclampsia,hydralazine,Oral,30 mg,,,,Hydralazine,Not specified,Hydralazine,Not specified,Yes,0,0,1,0,0,0,0,0,0,0,0,0,1,0,0,0,0,0,0,1,0,0,0,0,0,0,0,0,0,0,0,1,0,0,0,0,1,,,,,,,,,,,,,,,,,,,,,,,,,,,,,,,,,,,,
SAMPLE_EVID_009,0,0,0,0,0,1,0,0,0,0,1,0,0,0,0,0,1,0,0,0,1,Severe Gestational Hypertension,labetalol,Oral,200 mg,,,,Labetalol,Not specified,Labetalol,Not specified,Yes,0,0,0,1,0,0,0,0,0,1,0,0,0,0,0,0,0,0,0,1,0,0,0,0,0,0,0,0,0,0,0,1,0,0,0,0,1,,,,,,,,,preterm birth,risk,Higher event rate,p=0.02,,,,,,,,,,,,,,,,,,,,,,,,
SAMPLE_EVID_010,0,0,0,0,0,0,1,0,0,0,0,1,0,0,0,1,0,0,0,1,0,Non-severe Gestational Hypertension,nifedipine,Oral,30 mg,labetalol,Oral,30 mg,Nifedipine,Labetalol,Nifedipine,Labetalol,Yes,1,0,0,0,1,0,0,0,0,0,1,0,0,0,0,0,0,0,0,1,0,0,0,1,0,0,0,0,0,0,0,0,0,1,0,0,0,hypotension,safety,Observed adverse event,p=0.03,,,,,,,,,,,,,,,,,,,,,,,,,,,,,,,,
SAMPLE_EVID_011,0,0,1,0,0,0,0,0,0,0,1,0,0,0,0,1,0,0,0,1,0,Antenatal/Peripartum Hypertension,methyldopa,IV,30 mg,,,,Methyldopa,Not specified,Methyldopa,Not specified,Yes,0,0,0,0,0,1,0,0,0,0,0,1,0,0,0,0,0,0,1,0,0,0,0,0,0,0,0,0,0,0,0,1,0,0,0,0,1,,,,,,,,,,,,,,,,,headache,adverse,Reported adverse event,p=0.04,,,,,,,,,,,,,,,,
SAMPLE_EVID_012,0,0,0,1,0,0,0,0,0,0,1,0,0,0,0,1,0,0,0,1,0,Chronic Hypertension,hydralazine,Oral,30 mg,,,,Hydralazine,Not specified,Hydralazine,Not specified,Yes,0,0,0,0,0,0,1,0,0,0,0,0,1,0,0,0,0,0,0,1,0,0,0,0,0,0,0,0,0,0,0,1,0,0,0,0,1,,,,,,,,,,,,,,,,,,,,,,,,,,,,,,,,,,,,
SAMPLE_EVID_013,0,0,0,0,1,0,0,0,0,0,0,1,0,0,0,0,1,0,0,0,1,Severe Preeclampsia/Eclampsia,labetalol,Oral,200 mg,,,,Labetalol,Not specified,Nifedipine,Not specified,No,0,1,0,0,0,0,0,0,0,1,0,0,0,0,0,0,0,0,0,1,0,0,0,0,0,0,0,0,0,0,0,1,0,0,0,0,1,hypotension,safety,Observed adverse event,p=0.03,,,,,preterm birth,risk,Higher event rate,p=0.02,,,,,,,,,,,,,asthma,profile,Present in subgroup,p=0.01,,,,,,,,
SAMPLE_EVID_014,0,0,0,0,0,1,0,0,0,0,1,0,0,0,0,1,0,0,0,1,0,Non-severe Preeclampsia,nifedipine,Oral,30 mg,,,,Nifedipine,Not specified,Methyldopa,Not specified,No,0,0,1,0,0,0,0,0,0,0,1,0,0,0,0,0,0,0,0,1,0,0,0,0,0,0,0,0,0,0,0,1,0,0,0,0,1,,,,,,,,,,,,,,,,,,,,,,,,,,,,,,,,,,,,
SAMPLE_EVID_015,0,0,0,0,0,0,1,0,0,0,1,0,0,0,0,0,1,0,0,0,1,Severe Gestational Hypertension,methyldopa,Oral,30 mg,nifedipine,Oral,30 mg,Methyldopa,Nifedipine,Hydralazine,Not specified,No,1,0,0,1,0,0,0,0,0,0,0,1,0,0,0,0,0,0,0,1,0,0,0,0,1,0,0,0,0,0,0,0,0,1,0,0,0,,,,,,,,,,,,,,,,,,,,,,,,,,,,,,,,,,,,
SAMPLE_EVID_016,0,0,1,0,0,0,0,0,0,0,0,1,0,0,0,1,0,0,0,1,0,Non-severe Gestational Hypertension,hydralazine,IV,30 mg,,,,Hydralazine,Not specified,Labetalol,Not specified,No,0,0,0,0,1,0,0,0,0,0,0,0,1,0,0,0,0,0,1,0,0,0,0,0,0,0,0,0,0,0,0,1,0,0,0,0,1,hypotension,safety,Observed adverse event,p=0.03,,,,,,,,,,,,,headache,adverse,Reported adverse event,p=0.04,,,,,,,,,,,,,,,,
SAMPLE_EVID_017,0,0,0,1,0,0,0,0,0,0,1,0,0,0,0,1,0,0,0,1,0,Antenatal/Peripartum Hypertension,labetalol,Oral,200 mg,,,,Labetalol,Not specified,Nifedipine,Not specified,No,0,0,0,0,0,1,0,0,0,1,0,0,0,0,0,0,0,0,0,1,0,0,0,0,0,0,0,0,0,0,0,1,0,0,0,0,1,,,,,,,,,preterm birth,risk,Higher event rate,p=0.02,,,,,,,,,,,,,,,,,,,,,,,,
SAMPLE_EVID_018,0,0,0,0,1,0,0,0,0,0,1,0,0,0,0,1,0,0,0,1,0,Chronic Hypertension,nifedipine,Oral,30 mg,,,,Nifedipine,Not specified,Methyldopa,Not specified,No,0,0,0,0,0,0,1,0,0,0,1,0,0,0,0,0,0,0,0,1,0,0,0,0,0,0,0,0,0,0,0,1,0,0,0,0,1,,,,,,,,,,,,,,,,,,,,,,,,,,,,,,,,,,,,
SAMPLE_EVID_019,0,0,0,0,0,1,0,0,0,0,0,1,0,0,0,0,1,0,0,0,1,Severe Preeclampsia/Eclampsia,methyldopa,Oral,30 mg,,,,Methyldopa,Not specified,Hydralazine,Not specified,No,0,1,0,0,0,0,0,0,0,0,0,1,0,0,0,0,0,0,0,1,0,0,0,0,0,0,0,0,0,0,0,1,0,0,0,0,1,hypotension,safety,Observed adverse event,p=0.03,,,,,,,,,,,,,,,,,,,,,asthma,profile,Present in subgroup,p=0.01,,,,,,,,
SAMPLE_EVID_020,0,0,0,0,0,0,1,0,0,0,1,0,0,0,0,1,0,0,0,1,0,Non-severe Preeclampsia,hydralazine,Oral,30 mg,nifedipine,Oral,30 mg,Hydralazine,Nifedipine,Labetalol,Not specified,No,1,0,1,0,0,0,0,0,0,0,0,0,1,0,0,0,0,0,0,1,0,0,0,0,1,0,0,0,0,0,0,0,0,1,0,0,0,,,,,,,,,,,,,,,,,,,,,,,,,,,,,,,,,,,,
SAMPLE_EVID_021,0,0,1,0,0,0,0,0,0,0,1,0,0,0,0,0,1,0,0,0,1,Severe Gestational Hypertension,labetalol,IV,200 mg,,,,Labetalol,Not specified,Nifedipine,Not specified,No,0,0,0,1,0,0,0,0,0,1,0,0,0,0,0,0,0,0,1,0,0,0,0,0,0,0,0,0,0,0,0,1,0,0,0,0,1,,,,,,,,,preterm birth,risk,Higher event rate,p=0.02,,,,,headache,adverse,Reported adverse event,p=0.04,,,,,,,,,,,,,,,,
SAMPLE_EVID_022,0,0,0,1,0,0,0,0,0,0,0,1,0,0,0,1,0,0,0,1,0,Non-severe Gestational Hypertension,nifedipine,Oral,30 mg,,,,Nifedipine,Not specified,Methyldopa,Not specified,No,0,0,0,0,1,0,0,0,0,0,1,0,0,0,0,0,0,0,0,1,0,0,0,0,0,0,0,0,0,0,0,1,0,0,0,0,1,hypotension,safety,Observed adverse event,p=0.03,,,,,,,,,,,,,,,,,,,,,,,,,,,,,,,,
SAMPLE_EVID_023,0,0,0,0,1,0,0,0,0,0,1,0,0,0,0,1,0,0,0,1,0,Antenatal/Peripartum Hypertension,methyldopa,Oral,30 mg,,,,Methyldopa,Not specified,Hydralazine,Not specified,No,0,0,0,0,0,1,0,0,0,0,0,1,0,0,0,0,0,0,0,1,0,0,0,0,0,0,0,0,0,0,0,1,0,0,0,0,1,,,,,,,,,,,,,,,,,,,,,,,,,,,,,,,,,,,,
SAMPLE_EVID_024,0,0,0,0,0,1,0,0,0,0,1,0,0,0,0,1,0,0,0,1,0,Chronic Hypertension,hydralazine,Oral,30 mg,,,,Hydralazine,Not specified,Labetalol,Not specified,No,0,0,0,0,0,0,1,0,0,0,0,0,1,0,0,0,0,0,0,1,0,0,0,0,0,0,0,0,0,0,0,1,0,0,0,0,1,,,,,,,,,,,,,,,,,,,,,,,,,,,,,,,,,,,,
SAMPLE_EVID_025,0,0,0,0,0,0,1,0,0,0,0,1,0,0,0,0,1,0,0,0,1,Severe Preeclampsia/Eclampsia,labetalol,Oral,200 mg,nifedipine,Oral,30 mg,Labetalol,Nifedipine,Nifedipine,Not specified,No,1,1,0,0,0,0,0,0,0,1,0,0,0,0,0,0,0,0,0,1,0,0,0,0,1,0,0,0,0,0,0,0,0,1,0,0,0,hypotension,safety,Observed adverse event,p=0.03,,,,,preterm birth,risk,Higher event rate,p=0.02,,,,,,,,,,,,,asthma,profile,Present in subgroup,p=0.01,,,,,,,,
SAMPLE_EVID_026,0,0,1,0,0,0,0,0,0,0,1,0,0,0,0,1,0,0,0,1,0,Non-severe Preeclampsia,nifedipine,IV,30 mg,,,,Nifedipine,Not specified,Methyldopa,Not specified,No,0,0,1,0,0,0,0,0,0,0,1,0,0,0,0,0,0,0,1,0,0,0,0,0,0,0,0,0,0,0,0,1,0,0,0,0,1,,,,,,,,,,,,,,,,,headache,adverse,Reported adverse event,p=0.04,,,,,,,,,,,,,,,,
SAMPLE_EVID_027,0,0,0,1,0,0,0,0,0,0,1,0,0,0,0,0,1,0,0,0,1,Severe Gestational Hypertension,methyldopa,Oral,30 mg,,,,Methyldopa,Not specified,Hydralazine,Not specified,No,0,0,0,1,0,0,0,0,0,0,0,1,0,0,0,0,0,0,0,1,0,0,0,0,0,0,0,0,0,0,0,1,0,0,0,0,1,,,,,,,,,,,,,,,,,,,,,,,,,,,,,,,,,,,,
SAMPLE_EVID_028,0,0,0,0,1,0,0,0,0,0,0,1,0,0,0,1,0,0,0,1,0,Non-severe Gestational Hypertension,hydralazine,Oral,30 mg,,,,Hydralazine,Not specified,Labetalol,Not specified,No,0,0,0,0,1,0,0,0,0,0,0,0,1,0,0,0,0,0,0,1,0,0,0,0,0,0,0,0,0,0,0,1,0,0,0,0,1,hypotension,safety,Observed adverse event,p=0.03,,,,,,,,,,,,,,,,,,,,,,,,,,,,,,,,
SAMPLE_EVID_029,0,0,0,0,0,1,0,0,0,0,1,0,0,0,0,1,0,0,0,1,0,Antenatal/Peripartum Hypertension,labetalol,Oral,200 mg,,,,Labetalol,Not specified,Nifedipine,Not specified,No,0,0,0,0,0,1,0,0,0,1,0,0,0,0,0,0,0,0,0,1,0,0,0,0,0,0,0,0,0,0,0,1,0,0,0,0,1,,,,,,,,,preterm birth,risk,Higher event rate,p=0.02,,,,,,,,,,,,,,,,,,,,,,,,
SAMPLE_EVID_030,0,0,0,0,0,0,1,0,0,0,1,0,0,0,0,1,0,0,0,1,0,Chronic Hypertension,nifedipine,Oral,30 mg,labetalol,Oral,30 mg,Nifedipine,Labetalol,Methyldopa,Not specified,No,1,0,0,0,0,0,1,0,0,0,1,0,0,0,0,0,0,0,0,1,0,0,0,1,0,0,0,0,0,0,0,0,0,1,0,0,0,,,,,,,,,,,,,,,,,,,,,,,,,,,,,,,,,,,,
